mse,psnr,ssim,masked_mse,masked_psnr,masked_ssim,key,stage
0.0012806867016479373,28.925571000656035,0.9458605647087097,0.019108762964606285,17.187674267615485,0.9429135322570801,food_kiwi_01_8k_view00,final
0.004728490952402353,23.25277437615426,0.9304742813110352,,,,food_kiwi_01_8k_view00,corrupted
0.003153511555865407,25.012055732200874,0.9315289855003357,0.04689127951860428,13.289079165405758,0.9260580539703369,food_kiwi_01_8k_view01,final
0.003929004538804293,24.057174694889014,0.9301874041557312,,,,food_kiwi_01_8k_view01,corrupted
0.0022838925942778587,26.413243237227082,0.9299464225769043,0.03348403796553612,14.751621743225765,0.920490562915802,food_kiwi_01_8k_view02,final
0.002424724632874131,26.15337575500369,0.9285328388214111,,,,food_kiwi_01_8k_view02,corrupted
0.001623406889848411,27.895726151899083,0.91262286901474,0.013789467513561249,18.604525039754922,0.9158837199211121,food_kiwi_01_8k_view03,final
0.00850957166403532,20.700922999186567,0.8788716197013855,,,,food_kiwi_01_8k_view03,corrupted
0.00841194111853838,20.75103775926678,0.8613649010658264,,,,food_kiwi_01_8k_view03,inpainted
