mse,psnr,ssim,masked_mse,masked_psnr,masked_ssim,key,stage
0.0001981450041057542,37.030168731993626,0.992375373840332,0.04734338819980621,13.24740664365872,0.9911789298057556,food_kiwi_01_8k_view00,final
0.0001981450041057542,37.030168731993626,0.992375373840332,,,,food_kiwi_01_8k_view00,corrupted
3.521209509926848e-05,44.53308133890854,0.9940566420555115,0.003776735160499811,24.2288346853922,0.9963367581367493,food_kiwi_01_8k_view01,final
0.0003097617591265589,35.08972198021016,0.988918125629425,,,,food_kiwi_01_8k_view01,corrupted
0.21632938086986542,6.648844926593008,0.7820907235145569,,,,food_kiwi_01_8k_view01,inpainted
9.0016947069671e-05,40.456757202719984,0.9959757924079895,0.03129415586590767,15.045367586888172,0.995016872882843,food_kiwi_01_8k_view02,final
9.982633491745219e-05,40.0075487353626,0.9958488345146179,,,,food_kiwi_01_8k_view02,corrupted
8.075351070147008e-05,40.92838587942576,0.9970921874046326,0.05138222128152847,12.891871248758575,0.9965512752532959,food_kiwi_01_8k_view03,final
8.075351070147008e-05,40.92838587942576,0.9970921874046326,,,,food_kiwi_01_8k_view03,corrupted
