{
  "final": {
    "count": 26,
    "mse_mean": 7.2871457446738604e-06,
    "psnr_mean": Infinity,
    "ssim_mean": 0.9972358644008636,
    "masked_mse_mean": 0.0006502710300712631,
    "masked_psnr_mean": Infinity,
    "masked_ssim_mean": 0.9983716423694904
  },
  "corrupted": {
    "count": 26,
    "mse_mean": 0.00035473239922094555,
    "psnr_mean": Infinity,
    "ssim_mean": 0.9872374030259939
  },
  "inpainted": {
    "count": 25,
    "mse_mean": 0.009605837631970643,
    "psnr_mean": 20.276091887161215,
    "ssim_mean": 0.9163640379905701
  }
}