{
  "final": {
    "count": 26,
    "mse_mean": 1.0787802053760296e-05,
    "psnr_mean": 54.725396566050534,
    "ssim_mean": 0.996157203729336,
    "masked_mse_mean": 0.0008412863815185399,
    "masked_psnr_mean": 30.914343747776236,
    "masked_ssim_mean": 0.997658582834097
  },
  "corrupted": {
    "count": 26,
    "mse_mean": 0.0006069760026814646,
    "psnr_mean": 37.57008634639887,
    "ssim_mean": 0.9869683453669915
  },
  "inpainted": {
    "count": 26,
    "mse_mean": 0.009469703207007395,
    "psnr_mean": 20.410982149222164,
    "ssim_mean": 0.9177402028670678
  }
}