{
  "final": {
    "count": 4,
    "mse_mean": 0.00010103188924404094,
    "psnr_mean": 40.737098288261976,
    "ssim_mean": 0.9948749989271164,
    "masked_mse_mean": 0.03344912512693554,
    "masked_psnr_mean": 16.35337004117442,
    "masked_ssim_mean": 0.994770959019661
  },
  "corrupted": {
    "count": 4,
    "mse_mean": 0.00017212165221280884,
    "psnr_mean": 38.263956331748034,
    "ssim_mean": 0.9935586303472519
  },
  "inpainted": {
    "count": 1,
    "mse_mean": 0.21632938086986542,
    "psnr_mean": 6.648844926593008,
    "ssim_mean": 0.7820907235145569
  }
}