{
  "final": {
    "count": 4,
    "mse_mean": 0.0020853744354099035,
    "psnr_mean": 27.06164903049577,
    "ssim_mean": 0.9299897104501724,
    "masked_mse_mean": 0.028318386990576982,
    "masked_psnr_mean": 15.958225054000483,
    "masked_ssim_mean": 0.9263364672660828
  },
  "corrupted": {
    "count": 4,
    "mse_mean": 0.004897947947029024,
    "psnr_mean": 23.541061956308383,
    "ssim_mean": 0.9170165359973907
  },
  "inpainted": {
    "count": 1,
    "mse_mean": 0.00841194111853838,
    "psnr_mean": 20.75103775926678,
    "ssim_mean": 0.8613649010658264
  }
}