{
  "final": {
    "count": 26,
    "mse_mean": 7.21079636124299e-06,
    "psnr_mean": Infinity,
    "ssim_mean": 0.9972385878746326,
    "masked_mse_mean": 0.0006471393650057367,
    "masked_psnr_mean": Infinity,
    "masked_ssim_mean": 0.9983765620451707
  },
  "corrupted": {
    "count": 26,
    "mse_mean": 0.00035473239922094555,
    "psnr_mean": Infinity,
    "ssim_mean": 0.9872374030259939
  },
  "inpainted": {
    "count": 26,
    "mse_mean": 0.00935736362141772,
    "psnr_mean": 20.45812900040496,
    "ssim_mean": 0.9185235935908097
  }
}